"Symbol","Date","Open","High","Low","Close","Percent Change","Volume"
"MLBS","2021-10-06","397.5","397.5","397.5","397.5","0.00 %","90.00"
"MLBS","2021-10-10","403.2","403.2","403.2","403.2","1.43 %","20.00"
"MLBS","2021-10-17","403.2","411.2","403.2","411.2","1.98 %","20.00"
"MLBS","2021-10-19","419.4","427.7","419.4","427.7","4.01 %","20.00"
"MLBS","2021-10-24","436.2","462.7","436.2","462.7","8.18 %","40.00"
"MLBS","2021-10-25","471.9","471.9","471.9","471.9","1.99 %","10.00"
"MLBS","2021-10-26","481.3","490.9","481.3","490.9","4.03 %","20.00"
"MLBS","2021-10-27","500.7","520.9","500.7","520.9","6.11 %","30.00"
"MLBS","2021-10-28","520.9","552.7","520.9","552.7","6.10 %","53.00"
"MLBS","2021-10-31","563.7","598","563.7","598","8.20 %","41.00"
"MLBS","2021-11-01","609.9","657.8","609.9","657.8","10.00 %","71.00"
"MLBS","2021-11-02","657.8","657.8","657.8","657.8","0.00 %","6.00"
"MLBS","2021-11-03","670.9","697.9","670.9","697.9","6.10 %","30.00"
"MLBS","2021-11-08","711.8","767.6","711.8","767.6","9.99 %","79.00"
"MLBS","2021-11-09","782.9","844.3","782.9","844.3","9.99 %","60.00"
"MLBS","2021-11-11","861.1","928.7","861.1","928.7","10.00 %","60.00"
"MLBS","2021-11-14","947.2","1021.5","947.2","1021.5","9.99 %","100.00"
"MLBS","2021-11-15","1041.9","1123.6","1041.9","1123.6","10.00 %","60.00"
"MLBS","2021-11-16","1146","1235.9","1146","1235.9","9.99 %","50.00"
"MLBS","2021-11-17","1260.6","1359.4","1260.6","1359.4","9.99 %","101.00"
"MLBS","2021-11-18","1386.5","1495.3","1386.5","1495.3","10.00 %","189.00"
"MLBS","2021-11-21","1525.2","1644.8","1525.2","1644.8","10.00 %","370.00"
"MLBS","2021-11-22","1677","1809.2","1677","1809.2","10.00 %","900.00"
"MLBS","2021-11-23","1845.3","1990.1","1845.3","1990.1","10.00 %","1,310.00"
"MLBS","2021-11-24","2029.9","2189.1","1985","1999","0.45 %","26,187.00"
"MLBS","2021-11-25","2005","2005","1851","1860.5","-6.93 %","10,621.00"
"MLBS","2021-11-28","1823.3","1823.3","1675","1710","-8.09 %","11,732.00"
"MLBS","2021-11-29","1676","1677","1618","1630","-4.68 %","4,964.00"
"MLBS","2021-11-30","1630","1720","1605","1720","5.52 %","1,831.00"
"MLBS","2021-12-01","1720","1720","1666","1690","-1.74 %","1,430.00"
"MLBS","2021-12-02","1661","1680","1621.2","1630","-3.55 %","2,460.00"
"MLBS","2021-12-05","1630","1630","1525","1553","-4.72 %","4,205.00"
"MLBS","2021-12-06","1525","1640","1500","1600","3.03 %","2,350.00"
"MLBS","2021-12-07","1600","1605","1520.1","1550","-3.13 %","1,981.00"
"MLBS","2021-12-08","1540","1540","1470","1518","-2.06 %","1,400.00"
"MLBS","2021-12-09","1510","1510","1466.2","1468.1","-3.29 %","860.00"
"MLBS","2021-12-12","1421","1451.5","1400","1400.1","-4.63 %","1,740.00"
"MLBS","2021-12-13","1372.1","1372.1","1266","1280","-8.58 %","2,799.00"
"MLBS","2021-12-14","1300","1408","1300","1400","9.38 %","970.00"
"MLBS","2021-12-15","1428","1510","1428","1470","5.00 %","2,638.00"
"MLBS","2021-12-16","1470","1470","1384.8","1401","-4.69 %","1,300.00"
"MLBS","2021-12-20","1429","1429","1370","1370","-2.21 %","1,500.00"
"MLBS","2021-12-21","1350","1370","1343","1370","0.00 %","670.00"
"MLBS","2021-12-22","1350","1474.9","1346","1390","1.46 %","929.00"
"MLBS","2021-12-23","1370","1414","1370","1385","-0.36 %","1,170.00"
"MLBS","2021-12-26","1386","1400","1359","1385","0.00 %","790.00"
"MLBS","2021-12-27","1385","1408","1340","1340","-3.25 %","1,205.00"
"MLBS","2021-12-28","1335","1393.3","1309.1","1335","-0.37 %","816.00"
"MLBS","2021-12-29","1322","1347","1309","1314","-1.57 %","1,398.00"
"MLBS","2022-01-02","1314","1375","1290","1340","1.98 %","1,120.00"
"MLBS","2022-01-03","1366.8","1421","1330","1361","1.57 %","850.00"
"MLBS","2022-01-04","1388.2","1399","1337","1390","2.13 %","1,138.00"
"MLBS","2022-01-05","1390","1446","1361","1390","0.00 %","930.00"
"MLBS","2022-01-06","1363","1400","1363","1388","-0.14 %","960.00"
"MLBS","2022-01-09","1388","1437","1388","1400","0.86 %","2,681.00"
"MLBS","2022-01-10","1395","1415","1381","1400","0.00 %","1,050.00"
"MLBS","2022-01-11","1400","1540","1400","1500","7.14 %","5,380.00"
"MLBS","2022-01-12","1515","1616","1500","1530","2.00 %","5,859.00"
"MLBS","2022-01-13","1530","1600","1522","1600","4.58 %","3,540.00"
"MLBS","2022-01-16","1600","1695","1600","1655","3.44 %","4,063.00"
"MLBS","2022-01-17","1656","1685","1600","1621","-2.05 %","2,350.00"
"MLBS","2022-01-18","1590","1653","1539","1540","-5.00 %","4,705.00"
"MLBS","2022-01-19","1541.3","1565","1535","1538","-0.13 %","3,221.00"
"MLBS","2022-01-20","1522","1600","1516.2","1550","0.78 %","2,935.00"
"MLBS","2022-01-23","1540","1581","1530","1535","-0.97 %","1,307.00"
"MLBS","2022-01-24","1515","1515","1469","1470","-4.23 %","1,569.00"
"MLBS","2022-01-25","1450","1485","1441","1462","-0.54 %","1,413.00"
"MLBS","2022-01-26","1435","1450","1400","1400","-4.24 %","1,441.00"
"MLBS","2022-01-27","1428","1460","1406","1453","3.79 %","730.00"
"MLBS","2022-01-30","1482","1590","1482","1550","6.68 %","2,751.00"
"MLBS","2022-01-31","1580","1600","1530","1572.2","1.43 %","1,940.00"
"MLBS","2022-02-01","1570.9","1571.9","1531","1560","-0.78 %","1,251.00"
"MLBS","2022-02-03","1535","1561","1520","1520","-2.56 %","2,875.00"
"MLBS","2022-02-06","1489.6","1500","1477","1500","-1.32 %","1,020.00"
"MLBS","2022-02-07","1471","1500","1471","1490","-0.67 %","903.00"
"MLBS","2022-02-08","1500","1530","1450","1461.1","0.00 %","1,119.00"
"MLBS","2022-02-09","1432","1455","1426","1450","-0.76 %","990.00"
"MLBS","2022-02-10","1430","1458","1430","1432","-1.24 %","570.00"
"MLBS","2022-02-13","1403.5","1420","1372","1372","-4.19 %","1,975.00"
"MLBS","2022-02-14","1370","1405","1370","1390","1.31 %","585.00"
"MLBS","2022-02-15","1369","1420","1369","1420","2.16 %","860.00"
"MLBS","2022-02-16","1421","1447","1402","1422","0.14 %","468.00"
"MLBS","2022-02-17","1422","1425","1394","1400","-1.55 %","1,135.00"
"MLBS","2022-02-20","1399","1410","1349","1382","-1.29 %","770.00"
"MLBS","2022-02-21","1400","1430","1380","1385.5","0.25 %","1,356.00"
"MLBS","2022-02-22","1380","1425","1380","1403","1.26 %","1,260.00"
"MLBS","2022-02-23","1420","1448","1403","1432","2.07 %","935.00"
"MLBS","2022-02-24","1420","1420","1390.2","1393","-2.72 %","754.00"
"MLBS","2022-02-27","1393","1395","1376","1377.2","-1.13 %","300.00"
"MLBS","2022-02-28","1400","1404.7","1357.3","1358.1","-1.39 %","753.00"
"MLBS","2022-03-02","1333","1359","1301","1307","-3.76 %","651.00"
"MLBS","2022-03-06","1333","1345","1311","1334.9","2.13 %","455.00"
"MLBS","2022-03-07","1340","1352","1321","1349","1.06 %","300.00"
"MLBS","2022-03-09","1336","1345","1333","1335","-1.04 %","471.00"
"MLBS","2022-03-10","1316.1","1350","1316.1","1350","1.12 %","470.00"
"MLBS","2022-03-13","1340","1394","1340","1394","3.26 %","633.00"
"MLBS","2022-03-14","1421","1430","1366.2","1390","-0.29 %","250.00"
"MLBS","2022-03-15","1375","1380.2","1366","1370.1","-1.43 %","590.00"
"MLBS","2022-03-16","1395","1410","1382","1390","1.45 %","695.00"
"MLBS","2022-03-20","1389","1389","1363","1380","-0.72 %","480.00"
"MLBS","2022-03-21","1390","1390","1362","1375","-0.36 %","395.00"
"MLBS","2022-03-22","1400","1400","1368","1369","-0.44 %","670.00"
"MLBS","2022-03-23","1351.1","1374","1351.1","1374","0.37 %","1,537.00"
"MLBS","2022-03-24","1350.1","1460","1350.1","1414","2.91 %","1,200.00"
"MLBS","2022-03-27","1386.1","1390","1350","1390","-1.70 %","1,043.00"
"MLBS","2022-03-28","1365","1369.9","1340","1367.9","-1.59 %","510.00"
"MLBS","2022-03-29","1360","1360","1327.1","1340","-2.04 %","410.00"
"MLBS","2022-03-30","1315.1","1400","1315.1","1369","2.16 %","1,385.00"
"MLBS","2022-03-31","1350","1355","1330.1","1330.1","-2.84 %","450.00"
"MLBS","2022-04-03","1312","1380","1312","1343","0.97 %","1,063.00"
"MLBS","2022-04-04","1319.2","1340","1317","1318","-1.86 %","485.00"
"MLBS","2022-04-05","1339.5","1340","1270.5","1281.5","-2.77 %","536.00"
"MLBS","2022-04-06","1281.5","1292","1261.2","1292","0.82 %","305.00"
"MLBS","2022-04-07","1266.2","1310.6","1266.2","1295","0.23 %","850.00"
"MLBS","2022-04-11","1302","1302","1275","1275","-1.54 %","680.00"
"MLBS","2022-04-12","1260","1265","1245","1250","-1.96 %","705.00"
"MLBS","2022-04-13","1250","1269","1205","1268","1.44 %","1,040.00"
"MLBS","2022-04-17","1250","1259","1232","1259","-0.71 %","630.00"
"MLBS","2022-04-18","1233.9","1233.9","1200","1205","-4.29 %","534.00"
"MLBS","2022-04-19","1183","1216","1183","1205","0.00 %","220.00"
"MLBS","2022-04-20","1181.1","1201","1177","1177","-2.32 %","480.00"
"MLBS","2022-04-21","1154","1200","1154","1198","1.78 %","280.00"
"MLBS","2022-04-24","1174.1","1270","1170","1250","4.34 %","630.00"
"MLBS","2022-04-25","1235","1259.7","1227","1244","-0.48 %","375.00"
"MLBS","2022-04-26","1221","1221","1188.1","1220","-1.93 %","925.00"
"MLBS","2022-04-27","1196","1200","1174","1182","-3.11 %","320.00"
"MLBS","2022-04-28","1187","1229.1","1187","1216","2.88 %","540.00"
"MLBS","2022-05-02","1192","1200","1171","1190","-2.14 %","416.00"
"MLBS","2022-05-04","1190","1207","1170","1200","0.84 %","815.00"
"MLBS","2022-05-05","1176","1200","1165","1192","-0.67 %","485.00"
"MLBS","2022-05-08","1170","1196","1170","1176","-1.34 %","250.00"
"MLBS","2022-05-09","1166","1217","1166","1189","1.11 %","375.00"
"MLBS","2022-05-10","1185","1215","1185","1200","0.93 %","554.00"
"MLBS","2022-05-11","1200","1239.9","1200","1239.9","3.33 %","100.00"
"MLBS","2022-05-12","1264","1264","1205","1207","-2.65 %","268.00"
"MLBS","2022-05-17","1185.1","1202","1176","1176","-2.57 %","551.00"
"MLBS","2022-05-18","1160","1193","1160","1170","-0.01 %","160.00"
"MLBS","2022-05-19","1160","1192","1149","1170","0.00 %","382.00"
"MLBS","2022-05-20","1185","1185","1155","1158","-1.03 %","300.00"
"MLBS","2022-05-23","1140","1160","1140","1141.1","-1.46 %","410.00"
"MLBS","2022-05-24","1125","1145","1125","1145","0.34 %","253.00"
"MLBS","2022-05-25","1141","1170","1136","1150","0.44 %","315.00"
"MLBS","2022-05-26","1150","1158","1130","1158","0.70 %","180.00"
"MLBS","2022-05-27","1141","1150","1140","1150","-0.69 %","130.00"
"MLBS","2022-05-30","1127","1148.9","1127","1148.9","-0.10 %","120.00"
"MLBS","2022-05-31","1130","1165","1115","1165","1.40 %","170.00"
"MLBS","2022-06-01","1165","1165","1105.1","1110","-4.72 %","120.00"
"MLBS","2022-06-02","1110","1120","1100","1102","-0.72 %","346.00"
"MLBS","2022-06-03","1100","1102","1080","1080","-2.00 %","682.00"
"MLBS","2022-06-06","1100","1115","1081","1081","0.09 %","450.00"
"MLBS","2022-06-07","1075","1129","1045.1","1100","1.76 %","340.00"
"MLBS","2022-06-08","1122","1166","1100","1166","6.00 %","490.00"
"MLBS","2022-06-09","1150","1152.5","1130","1152.5","-1.16 %","448.00"
"MLBS","2022-06-10","1129.5","1129.5","1107","1107","-3.95 %","30.00"
"MLBS","2022-06-13","1110","1110","1047","1047.2","-5.40 %","290.00"
"MLBS","2022-06-14","1030","1050","1020","1020","-2.60 %","544.00"
"MLBS","2022-06-15","1040","1040","1004.5","1035","1.47 %","180.00"
"MLBS","2022-06-16","1030","1048","1011","1048","1.26 %","240.00"
"MLBS","2022-06-17","1028","1045","1028","1028","-1.91 %","110.00"
"MLBS","2022-06-19","1020","1020","990.3","990.3","-3.67 %","415.00"
"MLBS","2022-06-20","970.5","973","915.2","925","-6.59 %","610.00"
"MLBS","2022-06-21","917","969","917","969","4.76 %","310.00"
"MLBS","2022-06-22","980","995","940","958.8","-1.05 %","330.00"
"MLBS","2022-06-23","943","982","872","962.4","0.38 %","1,260.00"
"MLBS","2022-06-24","981.5","981.5","960","979","1.72 %","170.00"
"MLBS","2022-06-26","998.4","1018","980","1017.9","3.97 %","1,396.00"
"MLBS","2022-06-27","1038.1","1038.1","980.3","1016","-0.19 %","1,650.00"
"MLBS","2022-06-28","1036.2","1036.2","960.4","1001.9","-1.39 %","140.00"
"MLBS","2022-06-29","1021.8","1035","970","1035","3.30 %","1,110.00"
"MLBS","2022-06-30","1055.7","1089","1033.7","1088","5.12 %","1,570.00"
"MLBS","2022-07-01","1109.6","1129.9","1087.5","1119.9","2.93 %","816.00"
"MLBS","2022-07-03","1140","1144.9","1082","1144.9","2.23 %","565.00"
"MLBS","2022-07-04","1167.5","1188.3","1093","1148","0.27 %","1,180.00"
"MLBS","2022-07-05","1170.8","1170.8","1080","1132","-1.39 %","1,908.00"
"MLBS","2022-07-06","1154.5","1154.5","1067","1119.9","-1.07 %","460.00"
"MLBS","2022-07-07","1140","1142.2","1080.1","1100","-1.78 %","870.00"
"MLBS","2022-07-08","1121.9","1121.9","1070","1094.9","-0.46 %","310.00"
"MLBS","2022-07-11","1116.6","1116.6","994","1004.5","-8.26 %","970.00"
"MLBS","2022-07-12","1024.4","1024.4","970","974.9","-2.95 %","820.00"
"MLBS","2022-07-13","994.2","1013.9","985","1013.9","4.00 %","425.00"
"MLBS","2022-07-14","1034","1034","991.1","991.1","-2.25 %","140.00"
"MLBS","2022-07-15","1009.9","1010","990","1002","1.10 %","222.00"
"MLBS","2022-07-17","1021.9","1029","1002","1029","2.69 %","700.00"
"MLBS","2022-07-18","1049.4","1049.4","1009.5","1044.9","1.55 %","510.00"
"MLBS","2022-07-19","1065.6","1075","1044.3","1073.5","2.74 %","502.00"
"MLBS","2022-07-20","1094","1115.9","1053","1056.6","-1.57 %","374.00"
"MLBS","2022-07-21","1077.6","1077.6","1025","1050","-0.62 %","1,172.00"
"MLBS","2022-07-22","1070.9","1070.9","1037","1048.9","-0.10 %","350.00"
"MLBS","2022-07-24","1069.7","1090","1030.2","1078.5","2.82 %","400.00"
"MLBS","2022-07-25","1060","1186.3","1060","1186.3","10.00 %","3,090.00"
"MLBS","2022-07-26","1209.9","1209.9","1125.1","1138","-4.07 %","2,080.00"
"MLBS","2022-07-27","1160.6","1226","1100","1213","6.59 %","2,892.00"
"MLBS","2022-07-28","1237.1","1295.2","1220","1295.2","6.78 %","4,528.00"
"MLBS","2022-07-29","1321","1321","1284","1306","0.83 %","1,083.00"
"MLBS","2022-07-31","1332","1332","1273.1","1324","1.38 %","1,783.00"
"MLBS","2022-08-01","1350.3","1350.3","1264.2","1289","-2.64 %","2,105.00"
"MLBS","2022-08-02","1314.6","1314.6","1242","1256","-2.56 %","1,020.00"
"MLBS","2022-08-03","1281","1306","1250","1294.3","3.05 %","2,294.00"
"MLBS","2022-08-04","1320","1320","1251","1260","-2.65 %","820.00"
"MLBS","2022-08-05","1285.1","1306.9","1217","1236","-1.90 %","850.00"
"MLBS","2022-08-07","1260.6","1260.6","1205","1224","-0.97 %","540.00"
"MLBS","2022-08-08","1248.3","1273.2","1201.1","1248","1.96 %","1,385.00"
"MLBS","2022-08-09","1272.8","1272.8","1201","1225","-1.84 %","1,834.00"
"MLBS","2022-08-10","1249.4","1249.4","1197","1242","1.39 %","1,989.00"
"MLBS","2022-08-11","1230","1250","1190","1250","0.64 %","735.00"
"MLBS","2022-08-14","1274.9","1275","1185","1217","-2.64 %","988.00"
"MLBS","2022-08-15","1241.2","1241.2","1178","1220","0.25 %","3,940.00"
"MLBS","2022-08-16","1195.7","1250","1179","1227","0.57 %","1,457.00"
"MLBS","2022-08-17","1202.6","1224.6","1109.4","1202","-2.04 %","170.00"
"MLBS","2022-08-18","1178","1230","1133","1215.2","1.10 %","995.00"
"MLBS","2022-08-21","1191","1230","1191","1207","-0.67 %","1,076.00"
"MLBS","2022-08-22","1183","1225.1","1183","1202","-0.41 %","630.00"
"MLBS","2022-08-23","1180","1228","1180","1228","2.16 %","909.00"
"MLBS","2022-08-24","1252.4","1252.4","1185","1215","-1.06 %","468.00"
"MLBS","2022-08-25","1239.2","1239.2","1187","1224","0.74 %","400.00"
"MLBS","2022-08-26","1248.3","1248.3","1183.2","1210","-1.14 %","90.00"
"MLBS","2022-08-28","1186","1208","1160","1185","-2.07 %","834.00"
"MLBS","2022-08-29","1208.6","1208.6","1151","1170","-1.27 %","560.00"
"MLBS","2022-08-30","1193.3","1193.3","1167.3","1167.3","-0.23 %","240.00"
"MLBS","2022-08-31","1190.5","1190.5","1130","1140","-2.34 %","310.00"
"MLBS","2022-09-01","1162.7","1209.6","1105","1120","-1.75 %","1,646.00"
"MLBS","2022-09-02","1142","1180","1137","1167","4.20 %","135.00"
"MLBS","2022-09-04","1190.2","1213.7","1143","1180","1.11 %","605.00"
"MLBS","2022-09-05","1203.5","1203.5","1145","1192","1.02 %","500.00"
"MLBS","2022-09-06","1215.7","1215.7","1144.1","1165.8","-2.20 %","700.00"
"MLBS","2022-09-07","1188","1188","1137","1138","-2.38 %","300.00"
"MLBS","2022-09-08","1160.6","1160.6","1115","1147","0.79 %","660.00"
"MLBS","2022-09-11","1169.8","1169.8","1123","1144.5","-0.22 %","467.00"
"MLBS","2022-09-12","1167.2","1167.2","1100","1141","-0.31 %","404.00"
"MLBS","2022-09-13","1163.7","1163.7","1118","1143.9","0.25 %","300.00"
"MLBS","2022-09-14","1163","1163","1127","1154","0.88 %","1,390.00"
"MLBS","2022-09-15","1176.9","1176.9","1100.3","1119","-3.03 %","270.00"
"MLBS","2022-09-16","1096.7","1107.9","1074.8","1104","-1.34 %","365.00"
"MLBS","2022-09-18","1126","1165","1100","1115","1.00 %","250.00"
"MLBS","2022-09-20","1137.2","1137.2","1047","1079.5","-3.18 %","610.00"
"MLBS","2022-09-21","1100.9","1100.9","1065.9","1079","-0.05 %","340.00"
"MLBS","2022-09-22","1100.5","1100.5","1041","1067.9","-1.03 %","220.00"
"MLBS","2022-09-25","1088","1088","1009.4","1033.9","-3.18 %","550.00"
"MLBS","2022-09-27","1050","1069.9","1010","1040","0.59 %","240.00"
"MLBS","2022-09-28","1060.7","1080.9","1050","1068.9","2.78 %","250.00"
"MLBS","2022-09-29","1090","1090","1032","1080","1.04 %","170.00"
"MLBS","2022-10-09","1100","1100","1075","1089","0.83 %","140.00"
"MLBS","2022-10-10","1109","1109","1082.9","1082.9","-0.56 %","30.00"
"MLBS","2022-10-11","1103","1103","1021.3","1074.9","-0.74 %","240.00"
"MLBS","2022-10-12","1094.3","1094.3","1035","1071.9","-0.28 %","210.00"
"MLBS","2022-10-13","1092.5","1092.5","1034","1069.9","1.36 %","110.00"
"MLBS","2022-10-16","1089","1089","1030","1065","-0.46 %","332.00"
"MLBS","2022-10-17","1085.1","1085.1","1023","1040","-2.35 %","190.00"
"MLBS","2022-10-19","1040","1144","1040","1041","0.10 %","210.00"
"MLBS","2022-10-20","1059.1","1059.1","997","1030","-1.06 %","190.00"
"MLBS","2022-10-23","1049.1","1049.1","1010","1029.9","-0.01 %","190.00"
"MLBS","2022-10-31","1048.4","1048.4","1008","1020","-0.96 %","119.00"
"MLBS","2022-11-01","1038.4","1038.4","1000","1029.9","0.97 %","860.00"
"MLBS","2022-11-02","1048.9","1090","1027","1089","5.74 %","290.00"
"MLBS","2022-11-03","1090","1090","1046.9","1063","-2.39 %","374.00"
"MLBS","2022-11-06","1083.1","1169.3","1041.1","1169.3","10.00 %","1,482.00"
"MLBS","2022-11-07","1180","1198.2","1077.1","1197","2.37 %","2,279.00"
"MLBS","2022-11-08","1218.7","1218.7","1086","1149.8","-3.94 %","3,585.00"
"MLBS","2022-11-09","1170","1170","1058","1085.8","-5.57 %","750.00"
"MLBS","2022-11-10","1105","1105","1029","1067","-1.73 %","1,439.00"
"MLBS","2022-11-13","1086","1086","1045","1045","-2.06 %","150.00"
"MLBS","2022-11-14","1064","1064","1002.6","1060","1.44 %","544.00"
"MLBS","2022-11-15","1078","1078","1020.1","1045","-1.42 %","862.00"
"MLBS","2022-11-16","1064","1084.8","1016","1084.8","3.81 %","362.00"
"MLBS","2022-11-17","1083","1099.9","1056.5","1085.9","0.10 %","170.00"
"MLBS","2022-11-22","1100","1100","1069","1069","-1.56 %","220.00"
"MLBS","2022-11-23","1085","1085","1027.7","1044.9","-2.25 %","190.00"
"MLBS","2022-11-24","1063","1063","1025","1059","1.35 %","277.00"
"MLBS","2022-11-27","1075","1075","1021","1049","-0.94 %","510.00"
"MLBS","2022-11-28","1063","1065","1028.1","1044.9","-0.39 %","790.00"
"MLBS","2022-11-29","1061","1070","1029","1029","-1.52 %","664.00"
"MLBS","2022-11-30","1046","1046","1025.8","1027","-0.19 %","250.00"
"MLBS","2022-12-01","1043","1047","1023","1025","-0.19 %","142.00"
"MLBS","2022-12-04","1043","1060.8","1006.2","1030","0.49 %","846.00"
"MLBS","2022-12-05","1046","1046","992","1014.9","-1.47 %","280.00"
"MLBS","2022-12-06","1029","1029","1001","1020","0.50 %","440.00"
"MLBS","2022-12-07","1036","1036","994.7","994.7","-2.48 %","465.00"
"MLBS","2022-12-11","1012","1018","995","1018","2.34 %","280.00"
"MLBS","2022-12-12","1029","1029","999.6","1000.1","-1.76 %","110.00"
"MLBS","2022-12-13","1000","1020","995.1","1000.2","0.01 %","750.00"
"MLBS","2022-12-14","991","1004.9","983","1004.9","0.47 %","180.00"
"MLBS","2022-12-15","995","1003","985.3","990.1","-1.47 %","155.00"
"MLBS","2022-12-18","990","990","960","960","-3.04 %","630.00"
"MLBS","2022-12-19","975","975","940","950","-1.04 %","710.00"
"MLBS","2022-12-20","950","970","945","960","1.05 %","140.00"
"MLBS","2022-12-21","978","978","930","945","-1.56 %","1,342.00"
"MLBS","2022-12-22","926.1","940","920.3","920.3","-2.61 %","340.00"
"MLBS","2022-12-26","920.3","974","920.3","941","2.25 %","395.00"
"MLBS","2022-12-27","950.5","1035.1","945","990","5.21 %","480.00"
"MLBS","2022-12-28","990","994","972","972","-1.82 %","250.00"
"MLBS","2022-12-29","955","1011","955","1011","4.01 %","355.00"
"MLBS","2023-01-01","1010","1027.1","987.1","987.7","-2.30 %","1,115.00"
"MLBS","2023-01-02","987.7","1000","968","994","0.64 %","1,305.00"
"MLBS","2023-01-03","995","1048","975","1037","4.33 %","1,910.00"
"MLBS","2023-01-04","1016.3","1125","1005","1125","8.49 %","1,134.00"
"MLBS","2023-01-05","1125","1125","1085","1114","-0.98 %","880.00"
"MLBS","2023-01-08","1091.8","1136","1072","1090","-2.15 %","2,610.00"
"MLBS","2023-01-09","1077","1159","1077","1143","4.86 %","2,924.00"
"MLBS","2023-01-10","1160","1256","1137","1190","4.11 %","5,497.00"
"MLBS","2023-01-12","1166.2","1166.2","1108","1129.9","-5.05 %","1,775.00"
"MLBS","2023-01-17","1120","1125","1108","1122","-0.70 %","925.00"
"MLBS","2023-01-18","1115","1137","1097","1129","0.62 %","825.00"
"MLBS","2023-01-19","1140","1140","1092.1","1110","-1.68 %","520.00"
"MLBS","2023-01-23","1090","1105","1090","1100","-0.90 %","568.00"
"MLBS","2023-01-24","1078.1","1095","1075","1095","-0.45 %","320.00"
"MLBS","2023-01-25","1075","1100","1073","1099","0.37 %","358.00"
"MLBS","2023-01-26","1078","1090","1078","1085","-1.27 %","90.00"
"MLBS","2023-01-29","1080.5","1080.5","1045","1050.2","-3.21 %","330.00"
"MLBS","2023-01-30","1030","1055.7","1030","1038","-1.16 %","323.00"
"MLBS","2023-01-31","1019","1030","1018","1018","-1.93 %","400.00"
"MLBS","2023-02-01","1015","1030","985","985","-3.24 %","1,151.00"
"MLBS","2023-02-02","971","1009","971","972.3","-1.29 %","830.00"
"MLBS","2023-02-05","960","1010","960","1000","2.85 %","945.00"
"MLBS","2023-02-06","1000","1000","980.1","983","-1.70 %","190.00"
"MLBS","2023-02-07","971","1020","971","1020","3.76 %","710.00"
"MLBS","2023-02-08","1020","1040","1010","1010","-0.98 %","430.00"
"MLBS","2023-02-09","1010","1014","1000","1014","0.40 %","288.00"
"MLBS","2023-02-12","995","995","980.1","993","-2.07 %","572.00"
"MLBS","2023-02-14","974","984.9","974","984.9","-0.82 %","177.00"
"MLBS","2023-02-15","980","985","978","980","-0.50 %","160.00"
"MLBS","2023-02-16","961","975","961","965","-1.53 %","811.00"
"MLBS","2023-02-20","965","965","940","940","-2.59 %","316.00"
"MLBS","2023-02-22","950","950","921.2","921.2","-2.00 %","400.00"
"MLBS","2023-02-23","902.8","902.8","829.1","829.1","-10.00 %","1,340.00"
"MLBS","2023-02-26","812.6","840","750","839.9","1.30 %","937.00"
"MLBS","2023-02-27","840","840","815","815.1","-2.95 %","247.00"
"MLBS","2023-02-28","802.1","830","802.1","830","1.83 %","170.00"
"MLBS","2023-03-01","830","830","800","815","-1.81 %","145.00"
"MLBS","2023-03-02","798.7","800","791","791","-2.94 %","239.00"
"MLBS","2023-03-05","785","800","785","800","1.14 %","79.00"
"MLBS","2023-03-07","790","795","780","780.5","-2.44 %","170.00"
"MLBS","2023-03-09","780","820","780","817","4.68 %","354.00"
"MLBS","2023-03-12","815","815","786","786","-3.79 %","468.00"
"MLBS","2023-03-13","772","772","770.4","770.4","-1.98 %","70.00"
"MLBS","2023-03-14","770","780","765","770","-0.05 %","130.00"
"MLBS","2023-03-15","755","760","755","756","-1.82 %","131.00"
"MLBS","2023-03-16","740.9","771.1","740","770","1.85 %","215.00"
"MLBS","2023-03-19","785.4","847","785.4","847","10.00 %","505.00"
"MLBS","2023-03-20","863.9","931.7","863.9","895","5.67 %","3,682.00"
"MLBS","2023-03-22","912","912","844","850","-5.03 %","378.00"
"MLBS","2023-03-23","833.1","833.1","801","829","-2.47 %","606.00"
"MLBS","2023-03-26","812.5","812.5","761","761","-8.20 %","1,113.00"
"MLBS","2023-03-27","752","752","727","745","-2.10 %","615.00"
"MLBS","2023-03-28","759.9","770","750","770","3.36 %","696.00"
"MLBS","2023-03-29","760","775","756","770","0.00 %","150.00"
"MLBS","2023-03-30","763","795","763","782","1.56 %","415.00"
"MLBS","2023-04-02","782","800","755","799","2.17 %","290.00"
"MLBS","2023-04-03","793","793","750","778","-2.63 %","841.00"
"MLBS","2023-04-04","762.5","762.5","750","751","-3.47 %","513.00"
"MLBS","2023-04-05","741","774.9","741","771.8","2.77 %","242.00"
"MLBS","2023-04-06","759","787.2","757","757.1","-1.90 %","376.00"
"MLBS","2023-04-09","746","768","746","761","0.52 %","225.00"
"MLBS","2023-04-10","755","769","740","754","-0.92 %","110.00"
"MLBS","2023-04-11","739","769","739","769","1.99 %","240.00"
"MLBS","2023-04-12","784.3","798.9","771","783.2","1.85 %","195.00"
"MLBS","2023-04-13","767.6","805","767.6","804.6","2.73 %","375.00"
"MLBS","2023-04-16","792","792","762","789","-1.94 %","220.00"
"MLBS","2023-04-17","773.3","774","753.1","774","-1.90 %","380.00"
"MLBS","2023-04-18","789.4","835","755.6","780","0.78 %","230.00"
"MLBS","2023-04-19","765","775","765","775","-0.64 %","40.00"
"MLBS","2023-04-20","790.5","790.5","744.2","784","1.16 %","220.00"
"MLBS","2023-04-23","799.6","862","750","773.4","-1.35 %","355.00"
"MLBS","2023-04-24","758.2","788.8","751","788.8","1.99 %","120.00"
"MLBS","2023-04-26","773.1","773.1","743","746","-5.43 %","150.00"
"MLBS","2023-04-27","746","754.8","733.1","746","0.00 %","275.00"
"MLBS","2023-04-30","731.1","746","731.1","734","-1.61 %","158.00"
"MLBS","2023-05-02","735","736.1","735","735","0.14 %","80.00"
"MLBS","2023-05-03","721","749","712","749","1.90 %","505.00"
"MLBS","2023-05-04","734.1","745","731","745","-0.53 %","40.00"
"MLBS","2023-05-07","730.2","730.2","720","720","-3.36 %","170.00"
"MLBS","2023-05-08","706","706","697.1","705","-2.08 %","30.00"
"MLBS","2023-05-09","705","718.9","705","715","1.42 %","60.00"
"MLBS","2023-05-10","701","724","701","724","1.26 %","90.00"
"MLBS","2023-05-11","710","710","695","708","-2.21 %","155.00"
"MLBS","2023-05-14","706","706","678.1","694","-1.98 %","321.00"
"MLBS","2023-05-15","707","707","679.5","693","-0.00 %","410.00"
"MLBS","2023-05-16","679.2","679.2","663","663","-4.33 %","704.00"
"MLBS","2023-05-17","675","675","630","668.1","0.77 %","1,230.00"
"MLBS","2023-05-18","674","686","635","684.8","2.50 %","1,960.00"
"MLBS","2023-05-21","685","708","672.1","708","3.39 %","461.00"
"MLBS","2023-05-22","705","705","690.9","697","-1.55 %","50.00"
"MLBS","2023-05-23","690","724","670","724","3.87 %","949.00"
"MLBS","2023-05-24","709.6","728","705","724","0.00 %","642.00"
"MLBS","2023-05-28","715","735","703","735","1.52 %","465.00"
"MLBS","2023-05-30","721","721","685","704","-4.22 %","745.00"
"MLBS","2023-05-31","718","718","682","690","-1.99 %","1,005.00"
"MLBS","2023-06-01","677","690","650.3","680","-1.45 %","430.00"
"MLBS","2023-06-04","693","706.8","678.9","678.9","-0.16 %","650.00"
"MLBS","2023-06-05","692.4","705","665.4","705","3.84 %","709.00"
"MLBS","2023-06-06","691","716","690","716","1.56 %","495.00"
"MLBS","2023-06-07","705","715","704","715","-0.14 %","230.00"
"MLBS","2023-06-08","718","720","673.5","714","-0.14 %","305.00"
"MLBS","2023-06-11","700.1","736.4","700.1","736.4","3.14 %","504.00"
"MLBS","2023-06-12","722","735","707.8","734","-0.33 %","416.00"
"MLBS","2023-06-13","748","778","706","759","3.41 %","896.00"
"MLBS","2023-06-14","774.1","788.9","739","788.9","3.94 %","1,179.00"
"MLBS","2023-06-15","804.6","867.7","765","783","-0.75 %","391.00"
"MLBS","2023-06-18","768","814","761","814","3.96 %","1,200.00"
"MLBS","2023-06-19","814","824.8","779.1","798","-1.97 %","327.00"
"MLBS","2023-06-20","813.9","849.8","761","814","2.01 %","310.00"
"MLBS","2023-06-21","829.8","829.8","762","770","-5.41 %","1,529.00"
"MLBS","2023-06-22","760","766.1","751.1","760","-1.30 %","405.00"
"MLBS","2023-06-25","753.1","769.9","739","769.9","1.30 %","935.00"
"MLBS","2023-06-26","760","785","755.1","785","1.96 %","1,150.00"
"MLBS","2023-06-27","785","850","785","842.5","7.32 %","4,553.00"
"MLBS","2023-06-28","859.3","893.5","816.3","824","-2.20 %","885.00"
"MLBS","2023-07-02","810","840","778","795.5","-3.46 %","991.00"
"MLBS","2023-07-03","795.5","810","780","790.4","-0.64 %","275.00"
"MLBS","2023-07-04","776","839","762","839","6.15 %","536.00"
"MLBS","2023-07-05","854","854","784","789","-5.96 %","1,306.00"
"MLBS","2023-07-06","774","789","761","761","-3.55 %","699.00"
"MLBS","2023-07-09","765","799","765","782","2.76 %","673.00"
"MLBS","2023-07-10","769","790","769","775","-0.90 %","445.00"
"MLBS","2023-07-11","762","778","762","763","-1.55 %","480.00"
"MLBS","2023-07-12","749.3","780.3","749.3","772","1.18 %","322.00"
"MLBS","2023-07-13","768.1","821","768.1","785.1","1.70 %","592.00"
"MLBS","2023-07-16","785","790","785","788","0.37 %","250.00"
"MLBS","2023-07-17","778","803.7","778","791.1","0.39 %","625.00"
"MLBS","2023-07-18","783.3","814.8","783.3","805","1.76 %","590.00"
"MLBS","2023-07-19","791","801","791","799.1","-0.73 %","420.00"
"MLBS","2023-07-20","815","815","799","800","0.11 %","740.00"
"MLBS","2023-07-23","790.2","820","790.2","816","2.00 %","550.00"
"MLBS","2023-07-24","802","818","800.1","800.1","-1.95 %","1,535.00"
"MLBS","2023-07-25","790","801","785.1","796","-0.51 %","505.00"
"MLBS","2023-07-26","796","810","787.4","787.4","-1.08 %","290.00"
"MLBS","2023-07-27","787","799","775","775","-1.57 %","434.00"
"MLBS","2023-07-30","775","775","759.5","760.1","-1.92 %","592.00"
"MLBS","2023-07-31","750","780","750","770","1.30 %","200.00"
"MLBS","2023-08-01","763","767.9","758","758","-1.56 %","135.00"
"MLBS","2023-08-02","743","767","743","766","1.06 %","370.00"
"MLBS","2023-08-03","750.7","755","748","753","-1.70 %","105.00"
"MLBS","2023-08-06","739","750","725","730","-3.05 %","208.00"
"MLBS","2023-08-07","716.2","743","716.2","734","0.55 %","725.00"
"MLBS","2023-08-08","720","730","709.1","711.1","-3.12 %","200.00"
"MLBS","2023-08-09","713","720","705","720","1.25 %","270.00"
"MLBS","2023-08-10","710","720.4","706.3","715","-0.69 %","100.00"
"MLBS","2023-08-13","701.1","712","701.1","707","-1.12 %","330.00"
"MLBS","2023-08-14","700","707","687.1","695","-1.70 %","460.00"
"MLBS","2023-08-15","683.1","704","683.1","686","-1.29 %","303.00"
"MLBS","2023-08-16","675","680","661.5","680","-0.87 %","180.00"
"MLBS","2023-08-17","690","690","677","677","-0.44 %","80.00"
"MLBS","2023-08-20","678.1","691","664.5","680","0.44 %","950.00"
"MLBS","2023-08-21","668","680","660","660","-2.94 %","312.00"
"MLBS","2023-08-22","673","710","664.1","695.8","5.42 %","271.00"
"MLBS","2023-08-23","705","705","686","690","-0.83 %","205.00"
"MLBS","2023-08-24","690","693","663","663","-3.91 %","278.00"
"MLBS","2023-08-27","665","670","660","667.9","0.74 %","370.00"
"MLBS","2023-08-28","675","681.2","655","665","-0.43 %","231.00"
"MLBS","2023-08-29","655","664","652.1","659","-0.90 %","284.00"
"MLBS","2023-08-30","651","663","650","656","-0.46 %","180.00"
"MLBS","2023-09-03","648","648","636","639","-2.59 %","1,139.00"
"MLBS","2023-09-04","640","645","640","640.5","0.23 %","70.00"
"MLBS","2023-09-05","640","652","640","641.1","0.09 %","240.00"
"MLBS","2023-09-07","640","640","631","631","-1.58 %","325.00"
"MLBS","2023-09-10","635","647.5","626","631.5","0.08 %","270.00"
"MLBS","2023-09-11","621","638.6","621","630.3","-0.19 %","240.00"
"MLBS","2023-09-12","630.3","642.9","626","628.1","-0.35 %","310.00"
"MLBS","2023-09-13","628","643","628","635.3","1.15 %","170.00"
"MLBS","2023-09-17","627","640","623","627.3","-1.26 %","720.00"
"MLBS","2023-09-18","639","647","635","635","1.23 %","130.00"
"MLBS","2023-09-19","623","635","623","631","-0.63 %","90.00"
"MLBS","2023-09-21","631","665.5","631","644.1","2.08 %","660.00"
"MLBS","2023-09-24","650","670","647","654","1.54 %","340.00"
"MLBS","2023-09-25","641.3","667","641.3","667","1.99 %","245.00"
"MLBS","2023-09-26","654","666","653.7","665","-0.30 %","165.00"
"MLBS","2023-09-27","655","678.3","655","662","-0.45 %","175.00"
"MLBS","2023-10-01","670","670","643","655.8","-0.94 %","460.00"
"MLBS","2023-10-02","643","660","635","643","-1.95 %","300.00"
"MLBS","2023-10-03","631","656.4","631","650","1.09 %","570.00"
"MLBS","2023-10-04","650","663","646.5","657","1.08 %","415.00"
"MLBS","2023-10-05","646.3","659","646.1","646.2","-1.64 %","370.00"
"MLBS","2023-10-08","636","647.9","636","640","-0.96 %","140.00"
"MLBS","2023-10-09","633.3","648","633.3","645","0.78 %","350.00"
"MLBS","2023-10-10","634.2","635.1","633","635.1","-1.53 %","110.00"
"MLBS","2023-10-11","630","655.4","630","655.4","3.20 %","210.00"
"MLBS","2023-10-12","642.3","650","630","648","-1.13 %","140.00"
"MLBS","2023-10-16","635.1","659","635.1","644.9","-0.48 %","718.00"
"MLBS","2023-10-17","634.2","669","634.2","665","3.12 %","560.00"
"MLBS","2023-10-18","665","665","639","646","-2.86 %","250.00"
"MLBS","2023-10-19","647","650","637.3","650","0.62 %","125.00"
"MLBS","2023-10-29","637","660","626","660","1.54 %","100.00"
"MLBS","2023-10-30","647","662","631","647","-1.97 %","360.00"
"MLBS","2023-10-31","635.2","647","635.2","638.2","-1.36 %","70.00"
"MLBS","2023-11-01","638","650","636.1","637.2","-0.16 %","120.00"
"MLBS","2023-11-02","635","635.1","632","632","-0.82 %","130.00"
"MLBS","2023-11-05","619.7","620","615","617","-2.37 %","90.00"
"MLBS","2023-11-06","610","632.4","610","632.4","2.50 %","81.00"
"MLBS","2023-11-07","626","626","613.5","625","-1.17 %","100.00"
"MLBS","2023-11-08","619","630","619","630","0.80 %","30.00"
"MLBS","2023-11-09","617.4","633","617.4","625","-0.79 %","119.00"
"MLBS","2023-11-20","617","625","616","620","-0.80 %","110.00"
"MLBS","2023-11-21","611","613","601","613","-1.13 %","320.00"
"MLBS","2023-11-22","613","615","602","615","0.33 %","155.00"
"MLBS","2023-11-23","602.7","615","600.5","600.5","-2.36 %","520.00"
"MLBS","2023-11-26","612.5","612.5","601","601.3","0.13 %","885.00"
"MLBS","2023-11-27","597.2","613.3","597.1","613.3","2.00 %","560.00"
"MLBS","2023-11-28","620","625","601.1","602","-1.84 %","160.00"
"MLBS","2023-11-29","594","614","594","599","-0.50 %","235.00"
"MLBS","2023-11-30","590","590","585","587","-2.00 %","40.00"
"MLBS","2023-12-03","576.5","596.9","570.1","596.9","1.69 %","391.00"
"MLBS","2023-12-04","585.1","596.8","585.1","595","-0.32 %","260.00"
"MLBS","2023-12-05","606.9","606.9","571.4","606.6","1.95 %","260.00"
"MLBS","2023-12-06","595","595","591","591","-2.57 %","110.00"
"MLBS","2023-12-07","580","593.5","580","584","-1.18 %","175.00"
"MLBS","2023-12-11","585","638.5","585","638.5","9.33 %","2,080.00"
"MLBS","2023-12-12","626","702.3","618","702.3","9.99 %","2,794.00"
"MLBS","2023-12-13","702.3","771.9","674.6","771","9.91 %","2,207.00"
"MLBS","2023-12-14","756.5","760","701.1","735","-4.78 %","571.00"
"MLBS","2023-12-17","720.3","774.9","706.1","706.1","-3.93 %","761.00"
"MLBS","2023-12-18","701.1","776.7","701.1","765","8.34 %","948.00"
"MLBS","2023-12-19","749.7","841","736","790","3.27 %","3,651.00"
"MLBS","2023-12-20","774.2","790","760","790","0.00 %","1,200.00"
"MLBS","2023-12-21","774.2","774.2","750","750.2","-5.04 %","411.00"
"MLBS","2023-12-24","750","750.1","735.2","735.2","-2.00 %","935.00"
"MLBS","2023-12-27","725","745","720.5","735","-0.03 %","719.00"
"MLBS","2023-12-28","730","740","713.5","720","-2.04 %","360.00"
"MLBS","2024-01-01","721","750","714","720","0.00 %","544.00"
"MLBS","2024-01-02","706","734.4","692","734.3","1.99 %","234.00"
"MLBS","2024-01-03","719.7","760","707","740","0.78 %","415.00"
"MLBS","2024-01-04","730.2","790","711","761","2.84 %","1,715.00"
"MLBS","2024-01-07","747","747","710","710.1","-6.69 %","2,118.00"
"MLBS","2024-01-08","700.1","724.3","693","693","-2.41 %","1,545.00"
"MLBS","2024-01-09","706.8","729.3","706.8","721.4","4.10 %","2,358.00"
"MLBS","2024-01-10","735.8","780","735.8","780","8.12 %","4,164.00"
"MLBS","2024-01-11","764.4","793","750.2","753","-3.46 %","1,254.00"
"MLBS","2024-01-14","738.7","783.7","738.7","775","2.92 %","884.00"
"MLBS","2024-01-16","760","806","759.5","775.3","0.04 %","1,083.00"
"MLBS","2024-01-17","776","804","775","775","-0.04 %","1,388.00"
"MLBS","2024-01-18","760","770","744","770","-0.65 %","975.00"
"MLBS","2024-01-21","754.6","770","731.3","744","-3.38 %","992.00"
"MLBS","2024-01-22","729.4","729.4","716","716","-3.76 %","1,382.00"
"MLBS","2024-01-23","703","744.5","703","724.2","1.15 %","664.00"
"MLBS","2024-01-24","721","730","700","700","-3.34 %","445.00"
"MLBS","2024-01-25","700","724","693.3","714.3","2.04 %","450.00"
"MLBS","2024-01-28","714.3","722","701.1","707","-1.02 %","280.00"
"MLBS","2024-01-29","710","727","700.1","720","1.84 %","533.00"
"MLBS","2024-01-30","706","712","701.5","712","-1.11 %","1,314.00"
"MLBS","2024-01-31","726","726","701.3","720","1.12 %","1,520.00"
"MLBS","2024-02-01","706","711","699","710","-1.39 %","420.00"
"MLBS","2024-02-04","699","710","696","696.2","-1.94 %","280.00"
"MLBS","2024-02-05","700","710","695.1","710","1.98 %","1,050.00"
"MLBS","2024-02-06","710","710","697.1","710","0.00 %","322.00"
"MLBS","2024-02-07","702","724","702","711","0.14 %","238.00"
"MLBS","2024-02-08","711","720","710","714","0.42 %","362.00"
"MLBS","2024-02-11","714","717","708","717","0.42 %","414.00"
"MLBS","2024-02-12","706","710","706","707.3","-1.35 %","691.00"
"MLBS","2024-02-13","701","701","690","690","-2.45 %","725.00"
"MLBS","2024-02-14","690","715","690","705","2.17 %","500.00"
"MLBS","2024-02-15","719.1","719.1","705","705","0.00 %","120.00"
"MLBS","2024-02-18","693.5","695","685","685.3","-2.79 %","418.00"
"MLBS","2024-02-20","672","688.5","666.8","667","-2.67 %","622.00"
"MLBS","2024-02-21","660.1","680","660.1","666","-0.15 %","488.00"
"MLBS","2024-02-22","655","679.3","640","650","-2.40 %","1,585.00"
"MLBS","2024-02-25","638","662.5","626","630.6","-2.98 %","734.00"
"MLBS","2024-02-26","635","660","622.5","642","1.81 %","640.00"
"MLBS","2024-02-27","654.8","667","632","641.1","-0.14 %","845.00"
"MLBS","2024-02-28","653","654","620","654","2.01 %","535.00"
"MLBS","2024-02-29","667","719.4","667","680","3.98 %","3,230.00"